phase_id,phase_name,num_frames,baseline_top1,baseline_top5,adapted_top1,adapted_top5
1,Preparation,8574,0.006997900629811057,0.05458362491252624,0.8294844879869373,1.0
2,Calot Triangle Dissection,74826,0.005907037660706172,0.986328281613343,0.6249031085451581,0.9394461818084623
3,Clipping & Cutting,14080,0.0011363636363636363,0.32897727272727273,0.7240767045454546,0.9829545454545454
4,Gallbladder Dissection,58433,0.23236869577122515,0.9915629866684921,0.5986856741909538,0.9416939058408775
5,Gallbladder Packaging,7618,0.008269887109477554,0.9230769230769231,0.6441323181937516,1.0
6,Cleaning & Coagulation,14335,0.005441227764213463,0.8189047785141262,0.40223229856993375,0.9563306592256714
7,Gallbladder Retraction,6712,0.8237485101311085,0.9974672228843862,0.7313766388557806,1.0
