{
  "config": {
    "M": 8,
    "Ks": 256,
    "train_samples": 20000,
    "eval_fraction": 0.5
  },
  "fp32": {
    "recall": {
      "1": 4.9118808574179225e-06,
      "5": 4.712327682113946e-05,
      "10": 0.00010407031535711478,
      "50": 0.0005587376505254157
    },
    "latency_ms_per_query": 4.262852668762207,
    "memory_MB": 180.251953125
  },
  "pq": {
    "recall": {
      "1": 3.82554007061947e-06,
      "5": 8.29619067947526e-05,
      "10": 0.0002697967344212851,
      "50": 0.0012003941760060192
    },
    "latency_ms_per_query": 1.995401382446289,
    "memory_MB": 1.2041091918945312
  },
  "num_vectors": 92289,
  "dim": 512
}