K,recall_fp32,recall_pq
1,0.000005,0.000004
5,0.000047,0.000083
10,0.000104,0.000270
50,0.000559,0.001200
